{"0_1991597_0":0,"0_-2086963_0":0,"0_-5006_0":0,"0_-5000_0":0,"0_-5020_0":0,"0_0_0":0,"TCC_0_0_0_13_neutral":0,"TCC_0_0_0_14_loss":-0.4273485045907302,"Unknown_0_0_0_14_loss":-0.4329864858517458,"TCC_0_0_0_15_loss":-0.4401606836431558,"TCC_0_0_0_34_neutral":0,"TCC_0_0_0_36_loss":-0.6064522297393815,"TCC_0_0_0_83_neutral":0,"Unknown_0_0_0_84_loss":-0.12080606811889258,"TCC_0_0_0_85_loss":-0.11713089528483753,"TCC_0_0_0_744_loss":-6.387419726188658e-11,"TCC_0_0_0_730_loss":-5.3507260445597336e-11,"TCC_0_0_0_729_neutral":0,"TCC_0_0_0_726_loss":-6.1638370613016e-11,"TCC_0_0_0_724_neutral":0,"TCC_0_0_0_697_loss":-1.172160000142218,"Unknown_0_0_0_697_loss":-1.5984446406529452e-10,"TCC_0_0_0_694_neutral":0,"TCC_0_0_0_690_loss":-2.0282498515073116e-10,"TCC_0_0_0_680_loss":-2.864149972462791e-10,"TCC_0_0_0_677_neutral":0,"TCC_0_0_0_669_neutral":0,"TCC_0_0_0_661_loss":-5.428535488946442e-10,"TCC_0_0_0_656_neutral":0,"TCC_0_0_0_653_loss":-6.911276757107649e-10,"TCC_0_0_0_652_loss":-1.3709345736773822e-9,"TCC_0_0_0_625_loss":-3.38655895442129e-9,"Unknown_0_0_0_625_loss":-1.7988780879129198e-9,"TCC_0_0_0_620_neutral":0,"Unknown_0_0_0_618_loss":-2.2225517303088097e-9,"TCC_0_0_0_607_loss":-3.229398715988102e-9,"Unknown_0_0_0_588_loss":-1.1675915759956605e-8,"TCC_0_0_0_584_loss":-6.949307921483487e-9,"TCC_0_0_0_578_neutral":0,"TCC_0_0_0_561_neutral":0,"TCC_0_0_0_557_loss":-1.7320503339161657e-8,"Unknown_0_0_0_543_loss":-2.713626333594284e-8,"TCC_0_0_0_543_loss":-1.1721600456872672,"TCC_0_0_0_523_loss":-5.3866588608003475e-8,"TCC_0_0_0_511_loss":-3.2573540324271795,"TCC_0_0_0_505_neutral":0,"TCC_0_0_0_499_loss":-1.1815214827645271e-7,"TCC_0_0_0_493_neutral":0,"Unknown_0_0_0_467_loss":-3.457563364983412e-7,"TCC_0_0_0_467_loss":-3.4586910986873537e-7,"TCC_0_0_0_466_loss":-3.531940527983264e-7,"TCC_0_0_0_465_neutral":0,"TCC_0_0_0_445_neutral":0,"TCC_0_0_0_444_loss":-7.350873217057235e-7,"TCC_0_0_0_438_neutral":0,"TCC_0_0_0_428_loss":-0.0000012780452931713787,"TCC_0_0_0_414_neutral":0,"TCC_0_0_0_396_loss":-0.000003686567044901684,"Unknown_0_0_0_395_loss":-0.00000377506196068779,"TCC_0_0_0_395_loss":-0.0000037761673767523476,"TCC_0_0_0_386_neutral":0,"TCC_0_0_0_377_loss":-0.000006852826812036721,"TCC_0_0_0_358_loss":-0.000012886541377279025,"TCC_0_0_0_343_neutral":0,"TCC_0_0_0_325_neutral":0,"TCC_0_0_0_325_loss":-0.000039394479208820855,"Unknown_0_0_0_325_loss":-0.00003948394044475227,"TCC_0_0_0_295_loss":-0.00010647049527596771,"TCC_0_0_0_283_loss":-0.00015744378322730078,"TCC_0_0_0_271_neutral":0,"TCC_0_0_0_254_loss":-0.00041872089396374095,"Unknown_0_0_0_254_loss":-0.00042447514918520694,"TCC_0_0_0_253_neutral":0,"TCC_0_0_0_192_loss":-0.006339180568457966,"Unknown_0_0_0_191_loss":-0.003383672022599712,"TCC_0_0_0_119_loss":-0.0720265860496716,"Unknown_0_0_0_118_loss":-0.03892503543743073,"TCC_0_0_0_117_neutral":0,"TCC_0_0_0_68_neutral":0,"TCC_0_0_0_50_loss":-0.7175663149345557,"Unknown_0_0_0_50_loss":-0.4179007704728394,"TCC_0_0_0_21_loss":-0.5381938112419198,"TCC_0_0_0_769_loss":-1.1721600000000003,"TCC_0_0_0_767_neutral":0,"TCC_0_0_0_741_loss":-2.2153824,"Unknown_0_0_0_741_loss":-1.1721600000000003,"TCC_0_0_0_737_neutral":0,"TCC_0_0_0_733_loss":-1.1721600000000003,"TCC_0_0_0_732_neutral":0,"TCC_0_0_0_723_loss":-1.1721600000000003,"TCC_0_0_0_720_neutral":0,"TCC_0_0_0_717_loss":-1.1721600000000003,"TCC_0_0_0_713_neutral":0,"TCC_0_0_0_704_loss":-1.1721600000000003,"TCC_0_0_0_699_neutral":-1.5819758597319353e-11,"TCC_0_0_0_696_loss":-2.2153824,"TCC_0_0_0_695_loss":-1.1721600000000003,"TCC_0_0_0_669_loss":-1.1721600000000003,"TCC_0_0_0_668_loss":-1.1721600000000003,"Unknown_0_0_0_668_loss":-1.1721600000000003,"TCC_0_0_0_663_neutral":0,"TCC_0_0_0_662_loss":-1.1721600000000003,"Unknown_0_0_0_662_loss":-1.1721600000000003,"TCC_0_0_0_651_loss":-1.1721600000000003,"TCC_0_0_0_646_neutral":0,"Unknown_0_0_0_632_loss":-1.1721600000000003,"Unknown_0_0_0_631_loss":-1.1721600000000003,"TCC_0_0_0_628_loss":-1.1721600000000003,"TCC_0_0_0_622_neutral":0,"TCC_0_0_0_609_loss":-1.1721600000000003,"TCC_0_0_0_605_neutral":0,"TCC_0_0_0_601_loss":-1.1721600000000003,"TCC_0_0_0_588_neutral":0,"Unknown_0_0_0_587_loss":-1.1721600000000003,"TCC_0_0_0_587_loss":-2.2153824,"TCC_0_0_0_567_loss":-1.1721600000000003,"TCC_0_0_0_562_neutral":0,"TCC_0_0_0_555_loss":-1.1721600000000003,"TCC_0_0_0_549_neutral":-5.082066754582688e-9,"TCC_0_0_0_537_neutral":-7.790291763649068e-9,"Unknown_0_0_0_511_loss":-2.550609973445175,"TCC_0_0_0_509_neutral":0,"TCC_0_0_0_494_loss":-1.1721600000000003,"TCC_0_0_0_489_neutral":0,"TCC_0_0_0_489_loss":-1.1721600000000003,"TCC_0_0_0_482_neutral":0,"TCC_0_0_0_472_loss":-1.1721600000000003,"Unknown_0_0_0_469_loss":-1.1721600000000003,"TCC_0_0_0_458_neutral":0,"TCC_0_0_0_440_loss":-3.1438503360000003,"Unknown_0_0_0_440_loss":-1.3914828576000002,"Unknown_0_0_0_439_loss":-1.1721600000000003,"TCC_0_0_0_431_neutral":0,"TCC_0_0_0_422_loss":-1.1721600000000003,"TCC_0_0_0_412_neutral":0,"TCC_0_0_0_403_loss":-1.1721600000000003,"TCC_0_0_0_388_neutral":0,"TCC_0_0_0_385_loss":-1.1721600000000003,"TCC_0_0_0_370_neutral":0,"TCC_0_0_0_370_loss":-1.1721600000000003,"Unknown_0_0_0_370_loss":-1.1721600000000003,"TCC_0_0_0_340_loss":-1.1721600000000003,"TCC_0_0_0_338_neutral":0,"TCC_0_0_0_328_loss":-1.1721600000000003,"TCC_0_0_0_316_neutral":0,"TCC_0_0_0_299_loss":-1.1721600000000003,"Unknown_0_0_0_298_loss":-1.1721600000000003,"TCC_0_0_0_298_loss":-1.1721600000000003,"TCC_0_0_0_298_neutral":0,"TCC_0_0_0_236_loss":-2.2153824,"Unknown_0_0_0_236_loss":-1.1721600000000003,"TCC_0_0_0_226_neutral":0,"TCC_0_0_0_163_loss":-2.2153824,"Unknown_0_0_0_162_loss":-1.1721600000000003,"TCC_0_0_0_161_neutral":0,"TCC_0_0_0_115_loss":-1.1721600000000003,"TCC_0_0_0_113_neutral":0,"TCC_0_0_0_94_loss":-2.2153824,"Unknown_0_0_0_94_loss":-1.2882038400000002,"TCC_0_0_0_93_neutral":0,"TCC_0_0_0_65_loss":-1.1721600000000003,"TCC_0_0_0_64_neutral":0,"TCC_0_0_0_30_loss":-2.2153824,"Unknown_0_0_0_30_loss":-2.7692280000000005}